150_to_200_roof_top_capacity_distribution,15_to_20_roof_top_capacity_distribution,100_to_150_roof_top_capacity_distribution,roof_space_median,350_to_400_roof_top_capacity_distribution,potential_tree_planet_all_solar,roof_viable_total,250_to_300_roof_top_capacity_distribution,roof_total_est_e_facing,potential_car_taken_off_rode_all_solar,roof_energy_median,roof_solar_viable,600_to_650_roof_top_capacity_distribution,500_to_550_roof_top_capacity_distribution,roof_total_est_flat_roofs,400_to_450_roof_top_capacity_distribution,10_to_15_roof_top_capacity_distribution,950_to_1000_roof_top_capacity_distribution,roof_total_est_n_facing,20_to_25_roof_top_capacity_distribution,roof_total_est_w_facing,750_to_800_roof_top_capacity_distribution,300_to_350_roof_top_capacity_distribution,40_to_45_roof_top_capacity_distribution,potential_co2_saved_all_solar,200_to_250_roof_top_capacity_distribution,650_to_700_roof_top_capacity_distribution,roof_total_est_s_facing,30_to_35_roof_top_capacity_distribution,0_to_5_roof_top_capacity_distribution,threshold_viable_sunroof,roof_space_total,800_to_850_roof_top_capacity_distribution,900_to_950_roof_top_capacity_distribution,450_to_500_roof_top_capacity_distribution,roof_capacity_median,550_to_600_roof_top_capacity_distribution,700_to_750_roof_top_capacity_distribution,25_to_30_roof_top_capacity_distribution,45_to_50_roof_top_capacity_distribution,5_to_10_roof_top_capacity_distribution,35_to_40_roof_top_capacity_distribution,town,zip_code,total_yearl_energy_est_flat_roof,850_to_900_roof_top_capacity_distribution,50_to_100_roof_top_capacity_distribution
8,36,12,986.6286,1,288713,516,4,0.39175,2380,14950.653,0.5633188,1,0,16.80075,1,62,0,0.279,33,0.2055,0,0,9,11259.8125,4,0,0.73175,18,91,962.2,1297328.5,0,0,0,14,2,0,26,19,106,16,new york city,10001,281.17862,0,67
11,67,19,546.16943,2,498835,1275,6,0.41275,4113,8650.991,0.730659,1,2,29.3815,3,162,1,0.038,51,0.24425,0,3,15,19454.602,7,0,0.43325,36,351,962.2,2150128,0,0,0,7.75,0,1,38,11,406,20,new york city,10002,38.72169,0,62
6,80,14,546.16943,0,361048,1315,4,0.49925,2976,8575.982,0.67470497,0,0,20.555,0,165,0,0.298,49,0.25625,0,1,19,14080.879,2,0,0.7955,25,370,962.2,1578887.6,0,0,0,7.75,0,0,32,18,438,14,new york city,10003,299.00983,0,78
4,4,4,3329.8716,0,81349,56,1,0.15975,670,54115.965,0.46666667,0,0,4.291,0,6,1,0.0595,2,0.1885,0,3,0,3172.6162,0,0,0.28875,2,3,962.2,351486.44,0,0,0,47.25,0,0,3,3,5,0,new york city,10004,60.188137,0,15
4,3,4,845.68164,0,73533,106,2,0.13,606,12721.07,0.5273632,0,0,4.29575,0,14,0,0.042,6,0.06875,0,1,2,2867.794,1,0,0.27325,2,25,962.2,338959.78,0,0,0,12,1,0,5,2,20,1,new york city,10007,41.51906,0,13
12,56,19,563.7878,0,342507,952,4,1.349,2824,9009.355,0.7136432,0,0,18.4785,0,133,0,0.3155,41,0.121,0,0,8,13357.801,2,0,0.47225,14,264,962.2,1461355.5,0,0,0,8,0,0,22,12,277,14,new york city,10009,319.19382,0,73
3,36,8,1109.9572,0,204861,382,1,0.15575,1689,16750.555,0.5922481,0,0,11.87725,2,41,0,0.1615,24,0.0695,0,3,4,7989.593,1,0,0.5755,15,60,962.2,904844.1,0,0,0,15.75,0,0,21,7,82,7,new york city,10010,160.89146,0,67
10,74,26,546.16943,0,439955,1324,0,1.4095,3627,8178.6934,0.6215962,0,0,24.12725,1,147,3,0.411,56,0.1415,0,0,16,17158.275,1,0,1.1055,35,408,962.2,1916508.5,0,0,0,7.75,1,0,47,12,379,36,new york city,10011,409.4173,0,72
3,62,10,669.498,0,256600,847,0,0.47225,2115,10445.284,0.6959737,1,0,14.41375,0,152,0,0.13125,41,0.17825,0,2,11,10007.427,1,0,0.51575,17,198,962.2,1107226.4,0,0,0,9.5,0,0,29,13,240,23,new york city,10012,130.06427,0,44
8,93,14,669.498,0,366043,1077,3,0.33,3018,10639.751,0.6912709,1,0,21.6225,0,150,0,0.1615,69,0.214,0,3,19,14275.702,6,0,0.46075,30,257,962.2,1606002.4,0,0,0,9.5,0,0,51,17,283,26,new york city,10013,163.93883,0,47
8,67,7,475.69595,1,383502,1167,3,0.4665,3162,7344.199,0.6217368,0,0,21.25025,0,117,0,0.35325,36,0.29875,0,4,17,14956.581,7,2,0.82525,30,420,962.2,1634561.8,0,0,0,6.75,0,0,27,10,340,15,new york city,10014,354.80414,0,55
9,62,10,634.2612,0,265468,694,6,0.2245,2188,9897.839,0.51636904,0,0,16.036,0,84,0,0.09775,28,0.1225,0,0,13,10353.273,5,0,0.46675,20,181,962.2,1194349.1,0,0,1,9,0,0,21,12,177,10,new york city,10016,95.03923,0,55
4,15,4,1092.3389,0,108761,156,1,0.1965,896,16289.049,0.4073107,0,0,6.578,0,14,0,0.02,7,0.0605,1,1,4,4241.715,3,0,0.13225,9,28,962.2,492415.78,1,0,0,15.5,0,0,11,1,31,7,new york city,10017,19.664995,0,14
4,23,6,828.0633,1,193902,297,0,0.1515,1598,12331.589,0.49417636,4,1,9.98625,0,41,1,0.44175,20,0.175,0,0,9,7562.1934,0,0,1.11,8,59,962.2,836132.5,0,0,0,11.75,0,0,17,5,69,4,new york city,10018,467.5907,0,24
9,38,21,634.2612,3,361871,633,3,0.664,2983,9965.368,0.60056925,0,0,19.69575,3,57,1,0.64325,24,0.28625,0,1,9,14112.98,5,0,1.3705,14,148,962.2,1596911.2,1,2,0,9,0,0,22,10,187,17,new york city,10019,657.64484,0,58
2,36,3,510.93268,0,147123,536,0,0.31525,1213,7530.8623,0.5104762,0,0,8.08425,1,54,0,0.174,40,0.109,0,0,7,5737.811,1,0,0.726,12,186,962.2,663049.7,0,0,0,7.25,0,0,20,10,134,6,new york city,10021,171.61179,1,23
5,32,6,581.4061,0,140297,434,1,0.129,1156,8947.461,0.43443444,0,0,7.9955,1,46,0,0.12975,27,0.15425,0,0,9,5471.6055,2,0,0.71075,11,114,962.2,642665.2,0,0,0,8.25,0,0,7,7,130,8,new york city,10022,119.667,0,28
5,41,11,546.16943,1,277677,716,2,1.38875,2289,8125.23,0.5888158,1,1,15.62,0,76,0,0.10875,31,0.09975,0,3,12,10829.425,3,0,0.46525,18,226,962.2,1246147.1,1,0,0,7.75,1,0,18,10,200,18,new york city,10023,107.91311,0,36
4,57,5,493.3143,1,270068,1024,1,0.529,2226,7588.3247,0.5919075,0,0,15.278,0,95,0,0.13875,38,0.2285,0,1,16,10532.685,0,0,0.541,27,369,962.2,1177981.8,0,0,0,7,1,0,33,9,287,21,new york city,10024,139.79057,0,59
6,73,17,669.498,0,355490,985,1,1.41825,2931,10436.087,0.61755484,0,0,19.83575,0,106,1,0.069,64,0.14825,0,2,22,13864.122,4,0,0.541,37,261,962.2,1551279.8,0,0,0,9.5,0,0,50,19,232,23,new york city,10025,69.13063,0,67
2,38,4,475.69595,1,165505,570,0,1.13375,1364,7712.566,0.56213015,0,0,8.8035,1,60,1,0.02125,35,0.02375,0,0,9,6454.713,2,0,0.15825,9,206,962.2,714636.25,0,0,0,6.75,0,0,18,5,148,7,new york city,10026,22.140564,0,24
9,70,20,669.498,0,413004,1005,3,0.98475,3405,10718.02,0.47383308,0,2,22.596,3,114,0,0.193,51,0.558,0,2,23,16107.187,2,0,0.897,33,325,962.2,1777957.6,0,0,2,9.5,0,0,38,10,190,30,new york city,10027,186.99612,0,78
1,57,6,510.93268,0,179828,820,1,0.261,1482,7778.3022,0.6533865,0,0,10.6945,0,96,0,0.06025,35,0.1315,0,1,9,7013.308,0,0,0.2625,20,253,962.2,804084.7,0,0,0,7.25,0,0,21,12,271,8,new york city,10028,59.482033,0,29
12,60,22,546.16943,1,451470,1085,7,0.5965,3722,8675.6,0.6880152,0,1,26.50425,1,119,0,0.07125,50,0.126,0,2,21,17607.361,8,1,0.428,15,342,962.2,1953947.5,0,0,1,7.75,0,0,36,13,277,22,new york city,10029,71.64442,1,73
1,31,2,405.22247,0,144306,537,1,2.173,1189,6473.003,0.47354499,0,0,6.34075,0,51,0,0.0405,15,0.05475,0,0,5,5627.9414,1,0,0.1095,9,228,962.2,614423,0,0,0,5.75,0,0,13,4,150,7,new york city,10030,42.320435,0,17
3,54,8,739.97144,0,318492,804,1,1.383,2626,11857.778,0.5114504,0,0,16.83875,0,123,1,0.1655,44,0.3805,0,1,16,12421.211,3,0,0.5105,31,198,962.2,1358605.2,0,0,2,10.5,0,0,33,18,184,21,new york city,10031,174.38306,1,62
4,66,15,1039.4838,0,341686,711,1,0.19975,2817,16539.846,0.72477067,0,1,18.41825,0,103,0,0.38875,50,1.11,0,0,25,13325.792,3,1,0.74725,33,111,962.2,1470358.5,0,0,0,14.75,0,0,32,20,139,25,new york city,10032,378.99475,0,81
5,58,15,1550.4164,1,310253,595,1,0.211,2558,24760.873,0.82753825,0,0,17.806,0,79,0,0.31525,58,0.06725,0,0,29,12099.874,0,0,0.37725,40,41,962.2,1323262.8,0,0,1,22,0,0,36,15,100,37,new york city,10033,334.2231,0,79
2,49,5,845.68164,1,210295,484,1,1.155,1733,13469.828,0.74806803,0,0,10.6225,1,78,2,0.384,33,0.09475,0,0,13,8201.529,2,0,0.3045,13,93,962.2,885199.7,0,0,0,12,0,0,25,3,112,23,new york city,10034,381.6121,0,28
5,54,18,528.551,4,427671,688,7,0.527,3526,8318.845,0.52279633,1,0,23.22625,4,65,4,0.39925,22,0.39225,0,4,11,16679.17,6,0,1.1695,18,250,962.2,1812172.5,0,0,0,7.5,0,1,23,7,124,13,new york city,10035,411.09686,0,47
7,32,13,563.7878,0,248050,595,2,0.21475,2045,8944.389,0.5504163,1,0,14.80825,0,65,1,0.05675,26,0.146,0,1,6,9673.982,4,0,0.39475,11,166,962.2,1100830.9,0,0,1,8,1,0,14,3,183,13,new york city,10036,55.141792,0,45
4,13,13,1092.3389,0,135435,183,2,0.07875,1116,17126.219,0.620339,0,0,7.491,1,8,0,0.329,8,0.039,0,2,1,5281.9824,2,1,0.33375,10,47,962.2,582921.3,0,0,0,15.5,0,0,8,4,31,5,new york city,10037,338.0419,0,23
3,22,8,1127.5756,1,140749,215,3,0.10025,1160,17484.436,0.577957,0,1,8.01325,1,19,0,0.09925,15,0.14,0,0,5,5489.2363,4,0,0.4525,2,43,962.4769,620536.56,0,0,0,16,0,0,14,5,39,2,new york city,10038,100.85259,0,28
2,25,9,775.2082,0,124353,292,0,0.09875,1025,12468.423,0.83428574,0,0,6.36875,0,49,1,0.102,19,0.0345,0,0,4,4849.7837,1,0,1.07925,6,53,962.2,541465.3,0,0,0,11,0,0,7,4,81,3,new york city,10039,108.50024,0,28
1,31,7,1286.1409,0,173848,371,3,1.02475,1433,20712.031,0.8100437,0,0,9.38325,0,48,1,0.026,47,0.03775,0,0,11,6780.085,0,0,0.09525,30,57,962.2,744693.2,0,0,0,18.25,0,0,29,11,56,10,new york city,10040,25.668856,0,29
0,31,8,458.07758,0,156230,598,0,0.35825,1288,7142.9263,0.52873564,0,1,8.363,0,68,0,0.2525,23,0.10325,0,1,4,6093.0024,0,0,0.8435,12,201,962.2,699132.06,0,0,0,6.5,0,0,18,5,179,8,new york city,10065,256.6531,0,39
1,24,4,581.4061,0,97513,390,0,0.0895,804,8881.085,0.6103286,0,0,5.866,0,48,0,0.0315,22,0.0445,0,0,6,3803.0215,1,0,0.12325,11,121,962.2,433746.6,0,0,0,8.25,0,0,17,2,107,6,new york city,10075,31.311665,0,20
32,145,53,669.498,6,1627302,2084,16,5.52,13417,12764.012,0.7721378,5,2,60.62575,7,303,7,3.48375,65,8.164,2,9,37,63464.797,22,4,7.497,35,466,1161.95,6010717.5,3,0,5,9.5,3,0,67,27,577,30,tampa,33602,4210.3867,1,153
12,344,36,546.16943,2,1413376,5286,4,8.213,11653,10368.83,0.6913419,0,2,36.31975,1,983,1,6.15925,170,12.74775,0,3,38,55121.684,6,0,11.8475,56,1406,1161.95,5305754,0,0,2,7.75,2,1,105,30,1924,39,tampa,33603,7547.6724,1,117
15,623,42,493.3143,0,1985936,8625,4,12.03025,16374,9337.724,0.61209285,1,0,48.554,2,1527,2,11.393,212,15.45675,0,6,44,77451.53,5,1,20.274,74,2648,1161.95,7590557,0,0,1,7,0,1,124,40,3037,36,tampa,33604,14089.202,0,176
60,499,110,669.498,13,3627710,5961,26,13.126,29911,12889.528,0.8176955,7,4,131.702,12,1167,12,9.15175,205,17.45225,3,12,58,141480.72,38,3,15.73325,89,1199,1161.95,13190185,2,2,6,9.5,7,5,126,54,1906,61,tampa,33605,11348.671,6,253
23,479,67,757.58984,5,1904959,4160,13,10.6655,15706,14672.157,0.8646851,1,3,57.555,2,769,6,6.687,270,12.4465,1,9,48,74293.41,18,0,12.26875,93,697,1161.95,7020761,0,2,1,10.75,3,2,178,41,1222,71,tampa,33606,8256.866,0,135
45,550,107,669.498,9,3850202,6821,44,15.34125,31745,12934.802,0.86506027,5,11,140.6895,11,1458,17,11.34975,221,18.61925,3,23,79,150157.9,29,3,14.081,101,1275,1161.95,14100385,5,2,9,9.5,10,3,116,50,2290,78,tampa,33607,14022.174,6,255
31,533,53,687.11633,2,1977534,5051,8,8.92575,16305,13445.685,0.8314403,2,2,62.78875,3,1041,2,7.3635,259,11.8885,0,12,46,77123.84,18,0,12.8635,89,952,1161.95,7317260.5,1,1,4,9.75,1,4,145,28,1566,60,tampa,33609,9047.296,1,187
94,665,150,616.6429,19,5331758,9198,39,19.396,43961,11776.2295,0.72368217,4,11,196.151,15,1640,23,15.676,284,24.13125,4,30,100,207938.58,75,7,24.858,117,2046,1161.95,19747530,2,8,12,8.75,7,5,178,71,3092,96,tampa,33610,19234.885,5,383
61,692,139,616.6429,13,3855499,9175,23,15.49675,31789,11550.989,0.72255474,4,6,135.6315,6,1724,9,12.40375,328,19.869,1,15,87,150364.48,34,2,21.91625,119,2129,1161.95,14469420,2,2,5,8.75,5,2,183,94,2984,98,tampa,33612,15115.271,2,399
27,630,60,916.15515,4,2226826,4920,12,14.40375,18360,16920.824,0.7872,1,2,55.60925,2,1000,6,11.16075,401,18.42675,2,7,99,86846.24,13,2,20.62875,148,687,1161.95,8472973,2,1,4,13,1,1,233,58,1167,119,tampa,33613,13704.329,0,231
74,1321,131,775.2082,15,4713926,10327,17,20.79425,38867,14862.24,0.84633666,4,12,153.04225,15,2431,13,18.43925,559,25.8905,1,20,94,183843.11,30,9,29.73425,168,1597,1161.95,17470410,2,1,10,11,5,3,301,78,2879,123,tampa,33614,22547.402,1,411
21,1728,66,810.44495,1,3688265,11353,6,33.25075,30410,15587.151,0.8895941,1,1,59.22775,2,2953,4,26.85,782,39.659,0,4,104,143842.36,10,2,37.4165,205,1405,1161.95,13841272,1,3,2,11.5,0,2,343,69,3148,137,tampa,33615,33092.777,1,351
25,990,98,704.73474,8,3206026,8660,10,21.15375,26434,13086.451,0.7678667,1,1,80.985,4,1744,8,14.88575,474,27.3725,0,6,81,125035.03,11,3,28.752,159,1772,1161.95,12202411,1,2,1,10,8,0,266,91,2426,114,tampa,33617,18111.729,2,350
20,1235,30,863.30005,6,2660220,7493,12,23.17775,21934,16161.603,0.86414486,0,0,45.2025,5,1581,9,13.97675,659,28.912,1,9,62,103748.586,14,1,32.655,177,1086,1161.95,10142824,0,1,2,12.25,3,1,384,38,1856,168,tampa,33618,16913.4,0,133
119,885,227,739.97144,41,8528677,10110,64,19.776,70321,14287.639,0.8225531,16,25,351.68774,31,2309,47,17.66225,440,26.3615,9,49,90,332618.4,71,19,27.519,128,1595,1161.95,31220206,5,6,18,10.5,16,18,165,88,3014,108,tampa,33619,21901.44,4,453
11,5,8,4774.5776,2,469655,149,2,0.20575,3872,92814.58,0.8816568,2,5,23.63,0,8,3,0.1295,7,0.27025,1,6,7,18316.547,9,1,0.31,3,12,1161.95,1729806.6,1,0,4,67.75,2,1,4,3,9,4,tampa,33620,159.64975,0,29
20,2112,39,828.0633,0,3430649,11700,10,36.928,28286,15816.521,0.91029334,3,2,32.823,1,3109,6,23.77775,946,43.16825,1,5,49,133795.33,13,2,48.83875,164,1501,1161.95,13075349,0,0,2,11.75,0,0,355,36,3082,102,tampa,33624,28872.037,1,137
17,1095,35,792.82654,3,2234955,7416,4,22.24075,18427,15023.491,0.88867587,4,3,27.0245,0,2164,3,12.88375,505,27.47375,0,4,20,87163.27,4,1,30.47125,111,902,1161.95,8463441,0,0,1,11.25,0,2,228,25,2118,39,tampa,33625,15553.927,0,126
38,1423,45,1004.247,2,2931263,7971,8,37.5535,24168,19458.328,0.9286963,1,1,25.89,5,1749,3,11.392,1055,42.57925,0,3,70,114319.27,14,1,38.3215,243,828,1161.9614,10975274,0,0,2,14.25,0,1,565,47,1604,125,tampa,33626,13734.485,2,136
12,775,33,651.87964,2,1762251,6392,6,10.61025,14530,12372.962,0.7894282,4,1,41.20025,1,1334,1,9.44125,338,14.16675,0,1,26,68727.8,10,0,18.59875,101,1331,1161.95,6625722,0,0,2,9.25,0,2,162,25,2062,56,tampa,33629,11591.171,0,106
62,898,100,863.30005,33,4954045,5934,38,13.79825,40847,16507.938,0.91096103,8,23,200.316,24,1558,19,10.373,282,16.0225,2,45,41,193207.75,44,6,15.639,57,660,1161.95,18051692,4,5,19,12.25,11,7,148,44,1532,36,tampa,33634,12795.033,3,201
7,671,25,845.68164,2,1229850,3830,1,11.57875,10140,16551.05,0.9007526,0,1,16.2695,1,1194,3,8.6335,267,12.8905,0,1,18,47964.184,7,0,15.72975,34,364,1161.95,4587964,0,0,0,12,1,0,113,22,981,31,tampa,33635,10400.614,0,86
31,339,51,739.97144,2,1501270,3222,8,9.88425,12378,14000.464,0.8647343,1,4,38.244,4,746,5,6.181,155,13.6145,0,8,19,58549.54,10,2,12.5055,45,477,1161.95,5668128.5,0,0,4,10.5,1,3,93,14,1015,34,tampa,33637,7476.4297,1,150
21,2992,67,1039.4838,8,5855936,16068,8,77.245,48283,19932.645,0.9768375,3,3,42.17525,1,4107,8,20.96925,2026,81.28975,1,4,138,228381.53,12,1,94.82875,648,918,1161.95,22305418,3,0,1,14.75,4,0,1255,92,3102,275,tampa,33647,24864.613,1,367
10,23,24,2554.6633,3,118622,314,0,0.239,978,34719.223,0.8071979,0,0,15.7,0,30,1,0.50225,19,0.42825,1,0,17,4626.271,6,0,1.1645,14,25,854.25,1270918.6,0,0,1,36.25,0,0,12,14,32,16,seattle,98101,441.91672,0,66
11,99,20,440.4592,1,246029,2432,1,1.50225,2028,6355.8877,0.7055411,0,0,25.1365,0,249,0,0.857,69,3.089,0,0,36,9595.156,3,0,5.27625,53,921,854.25,2527249.2,0,0,1,6.25,0,0,74,28,721,29,seattle,98102,754.83344,0,116
10,291,43,352.36737,7,690151,10165,6,9.229,5690,5056.3003,0.71418536,0,1,45.3325,2,786,2,3.94275,185,20.10775,2,0,47,26915.92,6,2,21.97975,92,4759,854.25,7089050,0,0,0,5,0,0,124,42,3535,71,seattle,98103,3650.1267,0,151
19,39,23,2026.1123,0,164994,488,3,0.4645,1360,28111.705,0.8937729,1,0,21.918,2,49,0,0.4395,41,0.899,0,2,18,6434.7754,12,0,0.97975,24,40,854.25,1740747.6,0,0,0,28.75,0,0,30,19,52,28,seattle,98104,395.6629,0,86
23,191,38,387.6041,7,541853,5844,7,6.719,4467,5404.213,0.7026572,0,2,42.891,2,503,3,3.03575,127,11.216,1,6,37,21132.29,13,0,16.26,63,2534,854.25,5646458,1,0,0,5.5,2,0,75,33,1963,56,seattle,98105,2665.5024,0,156
20,227,36,440.4592,2,565433,6119,7,8.65225,4662,6077.0405,0.7964337,0,1,39.075,1,894,7,4.4445,83,14.88725,1,4,15,22051.906,14,0,15.11425,18,2211,854.25,5791034.5,0,0,2,6.25,3,4,38,12,2413,18,seattle,98106,3959.6323,0,85
20,220,36,387.6041,1,489295,4429,8,6.355,4034,5705.302,0.70112395,1,0,40.01175,3,456,3,2.774,132,11.074,0,7,37,19082.512,9,2,10.38625,48,1883,854.25,4975497.5,0,0,2,5.5,1,1,99,36,1219,49,seattle,98107,2487.167,0,155
66,263,131,458.07758,16,1373904,6571,32,9.761,11328,6527.878,0.80320257,9,5,148.54025,11,840,7,7.0575,113,15.09225,5,22,50,53582.258,49,10,15.369,47,2266,854.25,13800115,5,3,19,6.5,15,4,79,28,2207,39,seattle,98108,6373.3135,5,216
26,101,79,458.07758,5,492502,2724,7,2.799,4060,6499.86,0.7581408,0,2,54.721,2,203,3,2.32775,88,6.1545,0,7,46,19207.586,18,0,6.44225,64,981,854.25,5105415.5,0,0,1,6.5,4,1,74,31,756,45,seattle,98109,2111.5042,1,176
8,263,19,405.22247,1,340732,4865,1,7.8555,2809,5345.151,0.48884645,0,1,11.30225,1,607,1,4.12875,113,12.69,0,2,11,13288.573,4,0,16.7425,28,2008,825.35,3715291,0,0,1,5.75,3,0,52,17,1634,35,seattle,98110,3698.9294,0,53
9,160,12,369.98572,0,275218,4456,2,3.958,2269,5280.3823,0.6724008,0,0,16.1785,0,410,0,0.9715,76,8.1265,1,2,19,10733.52,5,0,11.7225,31,1994,854.25,2886382,0,0,0,5.25,0,0,42,10,1603,23,seattle,98112,853.9001,0,57
17,373,28,352.36737,5,692801,11038,7,11.35025,5712,4932.722,0.67452943,0,1,39.12,2,1053,3,5.8895,146,23.70325,0,3,19,27019.266,5,0,23.672,57,5227,854.25,7310565.5,0,0,1,5,1,0,88,27,3833,26,seattle,98115,5425.66,0,110
5,270,12,387.6041,0,384037,6061,3,5.84025,3166,5399.6675,0.7467964,0,0,19.4375,0,669,0,5.446,117,11,0,3,21,14977.45,3,0,14.433,27,2662,854.25,3957561.2,0,0,0,5.5,0,1,61,21,2109,17,seattle,98116,5066.0605,0,57
5,260,8,334.749,1,482140,9212,1,7.92575,3975,4815.6377,0.7301839,0,0,18.486,1,783,4,4.077,113,16.7465,0,2,13,18803.469,3,0,23.31575,39,4698,854.25,4971974,0,0,1,4.75,1,0,49,12,3165,22,seattle,98117,3594.6858,0,29
12,494,26,440.4592,5,722734,10126,6,13.046,5959,6186.7026,0.7886907,0,0,38.57,1,1515,2,7.263,156,24.47675,0,6,35,28186.639,12,1,22.91725,54,3652,854.25,7489427.5,1,0,5,6.25,2,0,87,18,3903,25,seattle,98118,6433.386,1,107
22,139,42,405.22247,3,476355,3670,6,3.215,3927,5717.48,0.740666,3,2,44.49475,5,314,0,3.8465,108,6.0625,0,7,31,18577.87,14,0,11.4315,49,1526,854.25,4866211,1,0,2,5.75,2,3,67,24,1128,25,seattle,98119,3775.2424,0,143
9,29,28,2501.8083,1,128679,321,0,0.24125,1060,33790.527,0.86756754,0,1,16.5785,0,23,1,0.1155,16,1.29075,0,4,19,5018.495,4,0,0.9515,23,19,854.25,1351505,0,0,0,35.5,2,0,20,12,28,19,seattle,98121,102.777916,0,63
18,154,35,369.98572,1,417908,4598,6,3.14325,3445,5240.7188,0.6791728,1,0,35.8865,0,311,1,2.361,93,6.383,0,4,35,16298.443,9,1,13.512,55,2082,854.25,4319019.5,0,0,2,5.25,1,0,71,24,1504,49,seattle,98122,2077.0227,0,139
21,279,38,422.84082,4,557488,6855,6,8.78675,4596,5727.952,0.6350162,1,2,40.2625,3,877,3,3.4285,115,15.18175,0,4,31,21742.059,7,0,16.5415,40,2607,854.25,5933937,0,0,4,6,0,1,57,21,2541,53,seattle,98125,3059.392,0,140
6,159,13,369.98572,1,353743,5655,0,6.20175,2916,5214.5947,0.7616162,0,0,17.83725,0,542,3,4.008,55,11.77975,0,4,10,13795.992,6,1,11.8685,18,2576,854.25,3643143.8,0,1,0,5.25,1,0,20,19,2154,16,seattle,98126,3558.0623,0,49
41,433,61,458.07758,4,912277,8927,16,12.0335,7521,6402.29,0.6951951,3,2,69.852,7,1257,7,6.47,139,23.194,2,9,41,35578.805,16,1,23.4255,60,3018,854.25,9512157,0,1,5,6.5,2,0,93,39,3405,61,seattle,98133,5792.164,1,199
49,41,106,4580.776,15,958515,912,24,2.44625,7903,65673.195,0.93442625,9,9,110.98075,15,56,21,6.82475,41,5.91675,2,15,27,37382.1,43,6,10.20875,28,49,854.25,9610978,4,3,12,65,11,2,31,16,74,27,seattle,98134,6207.1387,3,170
3,174,3,387.6041,0,243551,4468,1,4.8975,2008,5564.509,0.7682256,0,0,8.7555,0,556,0,2.48175,63,9.402,0,1,7,9498.503,0,0,10.1955,22,1906,854.25,2518175.8,0,0,0,5.5,0,0,23,8,1662,9,seattle,98136,2196.7134,0,29
16,205,24,405.22247,1,486709,6102,5,7.56275,4013,5707.993,0.75501114,1,0,32.921,1,603,4,2.46525,93,12.4925,2,7,24,18981.66,9,0,15.0785,45,2515,854.25,4969789.5,1,0,0,5.75,0,0,63,31,2326,24,seattle,98144,2182.0767,0,101
9,469,23,493.3143,0,511159,7112,2,10.6735,4214,6925.615,0.81681406,0,1,21.97975,3,1359,1,6.509,153,18.13925,0,1,16,19935.223,4,0,18.314,31,2082,854.25,5328887,0,0,0,7,2,0,56,17,2784,30,seattle,98146,5826.7544,0,68
18,190,19,634.2612,4,350055,2236,8,4.75575,2886,8805.084,0.8596694,0,4,29.0955,0,477,1,3.37825,76,7.63675,0,4,14,13652.183,13,0,6.95075,28,447,854.25,3651724,0,1,3,9,4,0,41,11,779,22,seattle,98148,3111.0454,2,68
18,348,44,440.4592,3,512886,7001,5,10.3205,4228,6054.083,0.5982738,1,2,27.382,2,1013,1,2.60075,120,18.38,1,2,17,20002.576,11,0,19.05325,26,2439,854.25,5478361,0,0,1,6.25,1,0,59,20,2769,23,seattle,98155,2276.5078,0,75
16,553,32,581.4061,3,527820,6045,3,9.934,4352,7873.9756,0.7760945,0,0,32.52625,2,1115,1,3.607,247,17.20475,0,4,35,20585.008,5,0,15.9145,66,1513,854.25,5580547.5,0,0,0,8.25,0,0,113,34,2159,46,seattle,98166,3178.5325,1,97
6,591,10,563.7878,3,460371,5837,0,11.374,3795,7881.797,0.78097403,0,0,15.29175,1,1210,1,4.726,217,19.41475,0,1,12,17954.475,3,0,17.55425,39,1454,854.2443,4817619.5,0,0,0,8,1,1,85,6,2135,24,seattle,98177,4156.887,0,33
8,487,6,475.69595,2,437240,6789,3,9.8355,3605,6619.7944,0.8075413,0,1,16.35875,1,1191,0,5.35275,151,16.19225,0,5,14,17052.377,1,0,17.28925,21,2181,854.25,4582784,0,0,2,6.75,0,0,36,8,2617,18,seattle,98178,4741.2646,0,36
45,343,84,616.6429,12,1245353,5373,26,10.251,10268,8428.056,0.8145846,5,7,133.13525,8,1105,16,5.452,137,16.99425,3,14,24,48568.773,31,9,16.3385,47,1209,854.25,12838223,5,6,13,8.75,6,5,84,26,1877,35,seattle,98188,4825.2437,3,166
19,871,32,651.87964,8,789696,8328,7,17.45425,6511,8967.11,0.8699467,2,2,38.183,0,2074,2,9.25525,293,27.99625,0,2,29,30798.158,12,0,24.84625,89,1537,854.25,8297194.5,0,1,0,9.25,2,1,121,39,3018,50,seattle,98198,8159.13,1,114
9,278,29,405.22247,2,418257,5538,1,6.3685,3448,5673.277,0.7656574,1,1,28.5855,1,614,1,3.15075,110,11.58275,0,2,17,16312.039,5,0,11.7435,31,2202,854.25,4329256,0,0,4,5.75,1,0,54,21,2035,18,seattle,98199,2845.4175,0,100
7,45,19,405.22247,3,478922,1934,8,3.16225,3948,6448.597,0.7464299,1,1,34.72875,2,145,2,0.57225,28,3.0675,3,7,21,18677.992,10,2,3.29475,9,791,965.6,3159008.8,0,2,2,5.75,1,0,24,15,699,15,albany,12202,572.0232,0,68
32,222,42,422.84082,7,1023457,6277,16,15.9885,8438,6614.552,0.6845894,0,6,55.56575,5,697,5,1.45725,116,5.522,1,18,17,39914.836,9,1,18.98175,39,2351,965.6,6872238.5,3,1,3,6,3,2,55,12,2528,25,albany,12203,1430.4192,1,58
22,64,48,563.7878,4,644102,1515,9,5.31275,5310,9089.863,0.7667004,0,3,43.2985,6,194,8,1.38425,38,3.5195,2,6,14,25120.016,15,2,6.801,18,411,965.6,4250678,1,1,1,8,4,2,25,10,502,18,albany,12204,1357.8888,0,85
71,264,125,440.4592,24,2192405,8410,25,11.03125,18076,7078.295,0.7350756,1,10,143.0845,10,1077,22,6.37675,91,16.752,2,31,38,85503.8,47,4,28.1405,44,2766,965.6,14474194,6,4,11,6.25,3,4,48,32,3403,32,albany,12205,6421.326,4,202
17,93,43,422.84082,2,765643,3297,6,4.979,6312,6657.1133,0.7486376,3,3,60.37075,2,341,9,0.6825,43,1.66575,0,11,15,29860.111,16,1,4.15675,27,1309,965.6,5063854,2,0,4,6,3,0,33,12,1189,17,albany,12206,679.25433,1,90
17,38,19,1198.0491,2,274419,404,2,0.90675,2262,18830.146,0.88986784,2,2,23.49975,1,46,2,0.29075,23,0.42,1,0,5,10702.364,7,2,0.836,12,48,965.6,1829015.6,0,0,1,17,1,0,18,5,88,7,albany,12207,296.95593,0,53
13,156,15,405.22247,5,627477,4706,6,13.821,5173,6501.4614,0.74040276,0,0,26.37825,4,521,4,0.88525,64,6.23725,1,5,11,24471.629,7,1,12.29425,21,1793,965.6,4201346.5,0,0,6,5.75,1,1,36,9,1975,9,albany,12208,870.3263,1,40
1,52,5,387.6041,1,241819,2654,1,4.50225,1993,6200.6064,0.78917634,1,1,8.11375,0,314,0,0.33775,18,3.316,0,1,5,9430.941,0,0,6.59225,4,1122,965.6,1611164.5,0,0,0,5.5,2,0,11,6,1087,4,albany,12209,336.71152,0,18
11,54,16,387.6041,1,244640,1770,1,1.90825,2017,6254.3467,0.7818021,0,0,18.88225,0,132,0,0.351,21,0.5035,0,3,7,9540.995,2,1,1.601,16,709,965.6,1638226.4,0,0,3,5.5,2,0,17,2,729,12,albany,12210,346.82907,0,31
6,260,15,546.16943,2,521504,3423,5,8.46525,4299,8607.459,0.74461603,3,3,17.8485,0,658,3,0.84025,89,8.9365,1,5,3,20338.686,8,1,13.8575,18,764,965.6,3520009,0,0,2,7.75,1,0,28,1,1512,11,albany,12211,831.3719,0,23
